id;code;first_name;middle_name;last_name;position;department;location
1;enhance Multi-channelled purple;Demetrius;mission-critical white SMTP;Roob;Fantastic Concrete Computer Baby;Kyrgyz Republic transmit;solution connecting
2;California PNG engage;Brett;Grocery transmit;Mraz;transmitter cyan;Checking Account;seamless New York mesh
3;Unbranded array;Kassandra;Spurs Regional;Gulgowski;Switzerland CFP Franc;Granite Configuration Buckinghamshire;Practical Steel Chips
4;Berkshire concept;Loren;Future-proofed Awesome;Christiansen;Rubber Shirt;Pakistan Rupee;Chicken
5;e-business RSS;Jordon;Officer Savings Account Automated;Schuster;B2B;Chair Awesome;Kiribati
6;cyan innovative;Joan;Lempira;Batz;online;Bulgarian Lev Cambridgeshire;Regional
7;Home;Sanford;Handmade Savings Account Manager;Leuschke;Central Polarised;back-end Roads bypass;Concrete
8;feed;Solon;Buckinghamshire Antarctica (the territory South of 60 deg S) Refined;King;Hungary Configurable;interface;Toys
9;overriding;Asia;Brazil;Feeney;distributed Ranch impactful;Berkshire Awesome;pixel Pennsylvania
10;architectures Cotton;Ed;customized payment;Marks;dot-com;methodology Integration Music;Pants
